Workbook

Sheet COMPARATIVO
B1: COMPARATIVO INSUMOS
B7: ID | C7: CODIGO DE BARRAS | D7: CATALOGO/ REFERENCIA | E7: DESCRIPCIÓN | F7: CANTIDAD | G7: UMC | H7: FOREFRONT 30 días | I7: OM SOLUTION 30 días | J7: ACUMED 30 días | K7: GRS DETECCION | M7: JTC Contado | N7: QUINSA Contado | O7: ALBERTO OSORIO 30 días | P7: NADRO 30 días | Q7: MOREH 1 semana | R7: MCC FARMA 15 día | S7: LANCETA contado | T7: WALMART | U7: SALUCOM contado | V7: MIN | W7: REQUI | X7: PROVEEDOR | Y7: OC | Z7: TOTAL | AA7: ESTATUS | AB7: NOTA
B8: 95 | D8: 0 | E8: ABATELENGUAS DE MADERA INDIVIDUAL ESTERIL C/100 | F8: =VLOOKUP(B8,REQUISICIÓN!$C$9:$E$125,3,0) -> 1 | G8: BOLSA C/100 | H8: 43.6 | I8: 45 | J8: 0 | M8: 0 | N8: 215 | O8: 0 | P8: 0 | Q8: 0 | R8: 0 | S8: 0 | T8: 0 | U8: 0 | V8: =SMALL(H8:U8,COUNTIF(H8:U8,"<=0")+1) -> 43.6 | W8: =VLOOKUP(B8,REQUISICIÓN!$C$9:$G$509,5,0) -> 41
B9: 61 | C9: 7502268541699 | E9: AGUA INYECTABLE 10 ML MCA. PISA C/100 | F9: =VLOOKUP(B9,REQUISICIÓN!$C$9:$E$125,3,0) -> 1 | G9: CAJA C/100 | H9: 754.4 | I9: 754.4 | J9: 740 | K9: =7*100 -> 700 | M9: 0 | O9: 835.68 | P9: 0 | Q9: 0 | R9: 0 | S9: 0 | T9: 0 | U9: 0 | V9: =SMALL(H9:U9,COUNTIF(H9:U9,"<=0")+1) -> 700 | W9: =VLOOKUP(B9,REQUISICIÓN!$C$9:$G$509,5,0) -> 41
B10: 62 | C10: 7501125110702 | E10: AGUA INYECTABLE 500 ML MCA. PISA | F10: =VLOOKUP(B10,REQUISICIÓN!$C$9:$E$125,3,0) -> #N/A | G10: CAJA C/12 | H10: 0 | J10: 503.034 | M10: 0 | O10: 0 | P10: 0 | Q10: 0 | R10: 0 | S10: 0 | T10: 0 | U10: 0 | V10: =SMALL(H10:U10,COUNTIF(H10:U10,"<=0")+1) -> 503.034 | W10: =VLOOKUP(B10,REQUISICIÓN!$C$9:$G$509,5,0) -> #N/A
B11: 96 | D11: 0 | E11: AGUA OXIGENADA MCA. JALOMA 125ML | F11: =VLOOKUP(B11,REQUISICIÓN!$C$9:$E$125,3,0) -> #N/A | G11: PIEZA | H11: 8.5 | J11: 0 | M11: 0 | O11: 0 | P11: 0 | Q11: 0 | R11: 0 | S11: 0 | T11: 0 | U11: 0 | V11: =SMALL(H11:U11,COUNTIF(H11:U11,"<=0")+1) -> 8.5 | W11: =VLOOKUP(B11,REQUISICIÓN!$C$9:$G$509,5,0) -> #N/A
B12: 200 | D12: 0 | E12: AGUA OXIGENADA 100ML MCA. NADRO | F12: =VLOOKUP(B12,REQUISICIÓN!$C$9:$E$125,3,0) -> #N/A | G12: PIEZA | H12: 0 | J12: 0 | M12: 0 | O12: 0 | P12: 6.68 | Q12: 0 | R12: 0 | S12: 0 | T12: 0 | U12: 0 | V12: =SMALL(H12:U12,COUNTIF(H12:U12,"<=0")+1) -> 6.68 | W12: =VLOOKUP(B12,REQUISICIÓN!$C$9:$G$509,5,0) -> #N/A
B13: 246 | C13: 7501048335138 | E13: AGUA OXIGENADA 100ML MCA. PROTEC | F13: =VLOOKUP(B13,REQUISICIÓN!$C$9:$E$125,3,0) -> #N/A | G13: PIEZA | K13: 9 | V13: =SMALL(H13:U13,COUNTIF(H13:U13,"<=0")+1) -> 9 | W13: =VLOOKUP(B13,REQUISICIÓN!$C$9:$G$509,5,0) -> #N/A
B14: 206 | C14: 7501048350889 | D14: 0 | E14: AGUA OXIGENADA 480ML MCA. NADRO | F14: =VLOOKUP(B14,REQUISICIÓN!$C$9:$E$125,3,0) -> #N/A | G14: PIEZA | H14: 0 | J14: 0 | M14: 0 | O14: 0 | P14: 16.22 | Q14: 0 | R14: 0 | S14: 0 | T14: 0 | U14: 0 | V14: =SMALL(H14:U14,COUNTIF(H14:U14,"<=0")+1) -> 16.22 | W14: =VLOOKUP(B14,REQUISICIÓN!$C$9:$G$509,5,0) -> #N/A
B15: 133 | D15: 305198 | E15: AGUJA HIPODERMICA 16GX1 1/2 MCA. BD ( MORADA) C/100 | F15: =VLOOKUP(B15,REQUISICIÓN!$C$9:$E$125,3,0) -> 2 | G15: CAJA C/100 | H15: 216 | I15: 225 | J15: 280 | M15: 0 | O15: 0 | P15: 0 | Q15: 0 | R15: 0 | S15: 0 | T15: 0 | U15: 0 | V15: =SMALL(H15:U15,COUNTIF(H15:U15,"<=0")+1) -> 216 | W15: =VLOOKUP(B15,REQUISICIÓN!$C$9:$G$509,5,0) -> 41
B16: 16 | D16: 300017 | E16: AGUJA HIPODERMICA 18GX1/2 MCA. BD ( ROSA) C/100 | F16: =VLOOKUP(B16,REQUISICIÓN!$C$9:$E$125,3,0) -> #N/A | G16: CAJA C/100 | H16: 156 | J16: 208 | M16: 0 | O16: 0 | P16: 0 | Q16: 0 | R16: 0 | S16: 0 | T16: 0 | U16: 0 | V16: =SMALL(H16:U16,COUNTIF(H16:U16,"<=0")+1) -> 156 | W16: =VLOOKUP(B16,REQUISICIÓN!$C$9:$G$509,5,0) -> #N/A
B17: 151 | D17: AH-1838 | E17: AGUJA HIPODERMICA 18GX1/2 MCA. NIPRO ( ROSA) C/100 | F17: =VLOOKUP(B17,REQUISICIÓN!$C$9:$E$125,3,0) -> #N/A | G17: CAJA C/100 | H17: 0 | J17: 0 | M17: 0 | O17: 0 | P17: 0 | Q17: 0 | R17: 0 | S17: 0 | T17: 0 | U17: 0 | V17: =SMALL(H17:U17,COUNTIF(H17:U17,"<=0")+1) -> #NUM! | W17: =VLOOKUP(B17,REQUISICIÓN!$C$9:$G$509,5,0) -> #N/A
B18: 228 | D18: AGH18X38 | E18: AGUJA HIPODERMICA 18GX38MM MCA. DL( ROSA) C/100 | F18: =VLOOKUP(B18,REQUISICIÓN!$C$9:$E$125,3,0) -> #N/A | G18: CAJA C/100 | H18: 0 | I18: 0 | J18: 0 | K18: 86 | M18: 0 | N18: 0 | O18: 0 | P18: 0 | Q18: 0 | R18: 0 | S18: 0 | T18: 0 | U18: 0 | V18: =SMALL(H18:U18,COUNTIF(H18:U18,"<=0")+1) -> 86 | W18: =VLOOKUP(B18,REQUISICIÓN!$C$9:$G$509,5,0) -> #N/A
B19: 15 | D19: 301730 | E19: AGUJA HIPODERMICA 20GX32MM MCA. BD (AMARILLA) C/100 | F19: =VLOOKUP(B19,REQUISICIÓN!$C$9:$E$125,3,0) -> #N/A | G19: CAJA C/100 | H19: 135 | J19: 170 | M19: 0 | O19: 0 | P19: 0 | Q19: 0 | R19: 0 | S19: 0 | T19: 0 | U19: 0 | V19: =SMALL(H19:U19,COUNTIF(H19:U19,"<=0")+1) -> 135 | W19: =VLOOKUP(B19,REQUISICIÓN!$C$9:$G$509,5,0) -> #N/A
B20: 140 | D20: AGH20X32 | E20: AGUJA HIPODERMICA 20GX32MM MCA. DL (AMARILLA) C/100 | F20: =VLOOKUP(B20,REQUISICIÓN!$C$9:$E$125,3,0) -> #N/A | G20: CAJA C/100 | H20: 0 | J20: 85 | K20: 86 | M20: 0 | O20: 0 | P20: 0 | Q20: 0 | R20: 0 | S20: 0 | T20: 0 | U20: 0 | V20: =SMALL(H20:U20,COUNTIF(H20:U20,"<=0")+1) -> 85 | W20: =VLOOKUP(B20,REQUISICIÓN!$C$9:$G$509,5,0) -> #N/A
B21: 75 | D21: 301973 | E21: AGUJA HIPODERMICA 25GX5/8 MCA. BD C/100 | F21: =VLOOKUP(B21,REQUISICIÓN!$C$9:$E$125,3,0) -> #N/A | G21: CAJA | H21: 123.5 | J21: 0 | M21: 120.6667 | O21: 0 | P21: 0 | Q21: 0 | R21: 0 | S21: 0 | T21: 0 | U21: 0 | V21: =SMALL(H21:U21,COUNTIF(H21:U21,"<=0")+1) -> 120.6667 | W21: =VLOOKUP(B21,REQUISICIÓN!$C$9:$G$509,5,0) -> #N/A | AB21: =VLOOKUP(#REF!,REQUISICIÓN!#REF!,6,0) -> #REF!
B22: 152 | D22: AH-2518 | E22: AGUJA HIPODERMICA 25GX5/8 MCA. NIPRO (NARANJA) C/100 | F22: =VLOOKUP(B22,REQUISICIÓN!$C$9:$E$125,3,0) -> #N/A | G22: CAJA C/100 | H22: 0 | J22: 0 | M22: 0 | O22: 0 | P22: 0 | Q22: 0 | R22: 0 | S22: 0 | T22: 0 | U22: 0 | V22: =SMALL(H22:U22,COUNTIF(H22:U22,"<=0")+1) -> #NUM! | W22: =VLOOKUP(B22,REQUISICIÓN!$C$9:$G$509,5,0) -> #N/A
B23: 56 | C23: 30290326759 | D23: 0 | E23: AGUJA HIPODERMICA 31GX6MM 3ML MCA. BD C/30 | F23: =VLOOKUP(B23,REQUISICIÓN!$C$9:$E$125,3,0) -> #N/A | G23: CAJA C/30 | H23: 170.5 | J23: 0 | M23: 0 | O23: 0 | P23: 0 | Q23: 0 | R23: 0 | S23: 0 | T23: 0 | U23: 0 | V23: =SMALL(H23:U23,COUNTIF(H23:U23,"<=0")+1) -> 170.5 | W23: =VLOOKUP(B23,REQUISICIÓN!$C$9:$G$509,5,0) -> #N/A | AB23: Sala de infusión
B24: 60 | D24: 582509 | E24: AGUJA HUBER C/LINEA DE CONEXIÓN POLIPERF 20GX20MM | F24: =VLOOKUP(B24,REQUISICIÓN!$C$9:$E$125,3,0) -> #N/A | G24: =VLOOKUP(B24,REQUISICIÓN!$C$9:$F$12,4,0) -> #N/A | H24: 320 | J24: 0 | M24: 0 | O24: 0 | P24: 0 | Q24: 0 | R24: 0 | S24: 0 | T24: 0 | U24: 0 | V24: =SMALL(H24:U24,COUNTIF(H24:U24,"<=0")+1) -> 320 | W24: =VLOOKUP(B24,REQUISICIÓN!$C$9:$G$509,5,0) -> #N/A | AB24: =VLOOKUP(#REF!,REQUISICIÓN!#REF!,6,0) -> #REF!
B25: 93 | D25: 0 | E25: ALCOHOL 70% 500ML MCA. ALFAMEDICAL | F25: =VLOOKUP(B25,REQUISICIÓN!$C$9:$E$125,3,0) -> #N/A | G25: PIEZA | H25: 141.7 | J25: 55 | M25: 0 | O25: 0 | P25: 0 | Q25: 0 | R25: 0 | S25: 0 | T25: 0 | U25: 0 | V25: =SMALL(H25:U25,COUNTIF(H25:U25,"<=0")+1) -> 55 | W25: =VLOOKUP(B25,REQUISICIÓN!$C$9:$G$509,5,0) -> #N/A | AB25: Farmacia
B26: 201 | C26: 7501048350537 | D26: 0 | E26: ALCOHOL 70% 110ML MCA. NADRO | F26: =VLOOKUP(B26,REQUISICIÓN!$C$9:$E$125,3,0) -> #N/A | G26: PIEZA | O26: 0 | P26: 9.81 | Q26: 0 | R26: 0 | S26: 0 | T26: 0 | U26: 0 | V26: =SMALL(H26:U26,COUNTIF(H26:U26,"<=0")+1) -> 9.81 | W26: =VLOOKUP(B26,REQUISICIÓN!$C$9:$G$509,5,0) -> #N/A
B27: 202 | C27: 7501048351404 | D27: 0 | E27: ALCOHOL 70% 250ML MCA. NADRO | F27: =VLOOKUP(B27,REQUISICIÓN!$C$9:$E$125,3,0) -> #N/A | G27: PIEZA | P27: 28.39 | V27: =SMALL(H27:U27,COUNTIF(H27:U27,"<=0")+1) -> 28.39 | W27: =VLOOKUP(B27,REQUISICIÓN!$C$9:$G$509,5,0) -> #N/A
B28: 203 | C28: 7501048350599 | D28: 0 | E28: ALCOHOL 70% 500ML MCA. NADRO | F28: =VLOOKUP(B28,REQUISICIÓN!$C$9:$E$125,3,0) -> #N/A | G28: PIEZA | P28: 47.39 | V28: =SMALL(H28:U28,COUNTIF(H28:U28,"<=0")+1) -> 47.39 | W28: =VLOOKUP(B28,REQUISICIÓN!$C$9:$G$509,5,0) -> #N/A
B29: 247 | C29: 7501048333202 | E29: ALCOHOL 70% 500ML MCA. PROTEC | F29: =VLOOKUP(B29,REQUISICIÓN!$C$9:$E$125,3,0) -> #N/A | G29: PIEZA | K29: 49.5 | V29: =SMALL(H29:U29,COUNTIF(H29:U29,"<=0")+1) -> 49.5 | W29: =VLOOKUP(B29,REQUISICIÓN!$C$9:$G$509,5,0) -> #N/A
B30: 204 | C30: 7501048351411 | D30: 0 | E30: ALCOHOL 70% 1L MCA. NADRO | F30: =VLOOKUP(B30,REQUISICIÓN!$C$9:$E$125,3,0) -> #N/A | G30: PIEZA | P30: 92.73 | V30: =SMALL(H30:U30,COUNTIF(H30:U30,"<=0")+1) -> 92.73 | W30: =VLOOKUP(B30,REQUISICIÓN!$C$9:$G$509,5,0) -> #N/A
B31: 148 | D31: 7256901 | E31: BANDITA ADHESIVA REDONDA MCA. BSN C/100 | F31: =VLOOKUP(B31,REQUISICIÓN!$C$9:$E$125,3,0) -> 1 | G31: CAJA C/100 | H31: 73.8 | I31: 73.8 | J31: 120 | M31: 0 | N31: 36.21 | O31: 91.29 | P31: 0 | Q31: 0 | R31: 0 | S31: 0 | T31: 0 | U31: 0 | V31: =SMALL(H31:U31,COUNTIF(H31:U31,"<=0")+1) -> 36.21 | W31: =VLOOKUP(B31,REQUISICIÓN!$C$9:$G$509,5,0) -> 41
B32: 109 | C32: 7702136642286 | D32: 642296 | E32: BANDITA ADHESIVA REDONDA MCA. JALOMA C/100 | F32: =VLOOKUP(B32,REQUISICIÓN!$C$9:$E$125,3,0) -> #N/A | G32: CAJA C/100 | H32: 32.9 | M32: 0 | O32: 0 | P32: 0 | Q32: 0 | R32: 0 | S32: 0 | T32: 0 | U32: 0 | V32: =SMALL(H32:U32,COUNTIF(H32:U32,"<=0")+1) -> 32.9 | W32: =VLOOKUP(B32,REQUISICIÓN!$C$9:$G$509,5,0) -> #N/A
B33: 242 | C33: 7501048658947 | E33: BANDITA ADHESIVA MCA. PROTE C/100 | F33: =VLOOKUP(B33,REQUISICIÓN!$C$9:$E$125,3,0) -> #N/A | G33: CAJA C/100 | K33: 57 | V33: =SMALL(H33:U33,COUNTIF(H33:U33,"<=0")+1) -> 57 | W33: =VLOOKUP(B33,REQUISICIÓN!$C$9:$G$509,5,0) -> #N/A
B34: 19 | D34: 503500 | E34: BANDITA ADHESIVA REDONDA MCA. PROTEC/100 | F34: =VLOOKUP(B34,REQUISICIÓN!$C$9:$E$125,3,0) -> #N/A | G34: Caja c/50 | H34: 30.89 | M34: 0 | O34: 0 | P34: 0 | Q34: 0 | R34: 0 | S34: 0 | T34: 0 | U34: 0 | V34: =SMALL(H34:U34,COUNTIF(H34:U34,"<=0")+1) -> 30.89 | W34: =VLOOKUP(B34,REQUISICIÓN!$C$9:$G$509,5,0) -> #N/A | AB34: Farmacia
B35: 70 | D35: 0 | E35: BATA IMPERMEABLE DESECHABLE C/MANGA MCA. MORIAHT | F35: =VLOOKUP(B35,REQUISICIÓN!$C$9:$E$125,3,0) -> #N/A | G35: PIEZA | H35: 0 | J35: 115 | K35: 25 | M35: 0 | N35: 0 | O35: 30.33 | P35: 0 | Q35: 28 | R35: 0 | S35: 0 | T35: 0 | U35: 0 | V35: =SMALL(H35:U35,COUNTIF(H35:U35,"<=0")+1) -> 25 | W35: =VLOOKUP(B35,REQUISICIÓN!$C$9:$G$509,5,0) -> #N/A
B36: 154 | D36: 0 | E36: BATA P/CIRUJANO MCA. AMBIDERM NO ESTERIL | F36: =VLOOKUP(B36,REQUISICIÓN!$C$9:$E$125,3,0) -> #N/A | G36: PIEZA | H36: 0 | M36: 0 | O36: 0 | P36: 0 | Q36: 0 | R36: 0 | S36: 0 | T36: 0 | U36: 0 | V36: =SMALL(H36:U36,COUNTIF(H36:U36,"<=0")+1) -> #NUM! | W36: =VLOOKUP(B36,REQUISICIÓN!$C$9:$G$509,5,0) -> #N/A
B37: 112 | D37: MORIAHT | E37: BATA P/PACIENTE MANGA CORTA C/10 MCA. MORIAHT | F37: =VLOOKUP(B37,REQUISICIÓN!$C$9:$E$125,3,0) -> #N/A | G37: PIEZA | H37: 0 | M37: 0 | O37: 0 | P37: 0 | Q37: 115 | R37: 0 | S37: 0 | T37: 0 | U37: 0 | V37: =SMALL(H37:U37,COUNTIF(H37:U37,"<=0")+1) -> 115 | W37: =VLOOKUP(B37,REQUISICIÓN!$C$9:$G$509,5,0) -> #N/A | AB37: Carro rojo
B38: 86 | D38: LEMHIS | E38: BATA P/PACIENTE S/MANGAS | F38: =VLOOKUP(B38,REQUISICIÓN!$C$9:$E$125,3,0) -> #N/A | G38: PAQ C/10 | H38: 123 | J38: 245 | M38: 0 | O38: 0 | P38: 0 | Q38: 0 | R38: 0 | S38: 0 | T38: 0 | U38: 0 | V38: =SMALL(H38:U38,COUNTIF(H38:U38,"<=0")+1) -> 123 | W38: =VLOOKUP(B38,REQUISICIÓN!$C$9:$G$509,5,0) -> #N/A | AB38: Farmacia
B39: 134 | D39: 0 | E39: BOLSA AUTOINFLABLE DE REANIMACIÓN MCA. AMBU | F39: =VLOOKUP(B39,REQUISICIÓN!$C$9:$E$125,3,0) -> #N/A | G39: PIEZA | H39: 0 | J39: 200 | M39: 0 | O39: 0 | P39: 0 | Q39: 0 | R39: 0 | S39: 0 | T39: 0 | U39: 0 | V39: =SMALL(H39:U39,COUNTIF(H39:U39,"<=0")+1) -> 200 | W39: =VLOOKUP(B39,REQUISICIÓN!$C$9:$G$509,5,0) -> #N/A
B40: 49 | D40: 0 | E40: BOLSA DE ORINA KENGUARD 2LT | F40: =VLOOKUP(B40,REQUISICIÓN!$C$9:$E$125,3,0) -> #N/A | G40: PIEZA | H40: 103 | M40: 0 | O40: 0 | P40: 0 | Q40: 0 | R40: 0 | S40: 0 | T40: 0 | U40: 0 | V40: =SMALL(H40:U40,COUNTIF(H40:U40,"<=0")+1) -> 103 | W40: =VLOOKUP(B40,REQUISICIÓN!$C$9:$G$509,5,0) -> #N/A
B41: 20 | D41: 0 | E41: CAMPO ESTERIL 40X40CM MCA. MORIAHT | F41: =VLOOKUP(B41,REQUISICIÓN!$C$9:$E$125,3,0) -> #N/A | G41: PIEZA | H41: 25 | K41: =125/10 -> 12.5 | M41: 0 | O41: 0 | P41: 0 | Q41: 12 | R41: 0 | S41: 0 | T41: 0 | U41: 0 | V41: =SMALL(H41:U41,COUNTIF(H41:U41,"<=0")+1) -> 12 | W41: =VLOOKUP(B41,REQUISICIÓN!$C$9:$G$509,5,0) -> #N/A | AB41: Farmacia
B42: 1 | D42: 0 | E42: CÁNULA DE GUEDEL 4FR MCA. COVIDIEN | F42: =VLOOKUP(B42,REQUISICIÓN!$C$9:$E$125,3,0) -> #N/A | G42: PIEZA | H42: 31.8 | J42: 650 | M42: 0 | O42: 0 | P42: 0 | Q42: 0 | R42: 0 | S42: 0 | T42: 0 | U42: 0 | V42: =SMALL(H42:U42,COUNTIF(H42:U42,"<=0")+1) -> 31.8 | W42: =VLOOKUP(B42,REQUISICIÓN!$C$9:$G$509,5,0) -> #N/A
B43: 2 | D43: 0 | E43: CÁNULA DE GUEDEL 5FR MCA. BICAKCILAR | F43: =VLOOKUP(B43,REQUISICIÓN!$C$9:$E$125,3,0) -> #N/A | G43: PIEZA | H43: 19.2 | J43: 1975 | M43: 0 | O43: 0 | P43: 0 | Q43: 0 | R43: 0 | S43: 0 | T43: 0 | U43: 0 | V43: =SMALL(H43:U43,COUNTIF(H43:U43,"<=0")+1) -> 19.2 | W43: =VLOOKUP(B43,REQUISICIÓN!$C$9:$G$509,5,0) -> #N/A | AB43: Carro rojo
B44: 171 | D44: 0 | E44: CÁNULA DE GUEDEL 5FR MCA. COVIDIEN | F44: =VLOOKUP(B44,REQUISICIÓN!$C$9:$E$125,3,0) -> #N/A | G44: PIEZA | H44: 0 | J44: 0 | M44: 0 | O44: 0 | P44: 0 | Q44: 0 | R44: 0 | S44: 0 | T44: 0 | U44: 0 | V44: =SMALL(H44:U44,COUNTIF(H44:U44,"<=0")+1) -> #NUM! | W44: =VLOOKUP(B44,REQUISICIÓN!$C$9:$G$509,5,0) -> #N/A
B45: 3 | D45: 0 | E45: CÁNULA DE GUEDEL 6FR MCA. BICAKCILAR | F45: =VLOOKUP(B45,REQUISICIÓN!$C$9:$E$125,3,0) -> #N/A | G45: PIEZA | H45: 19.2 | J45: 27 | M45: 0 | O45: 0 | P45: 0 | Q45: 0 | R45: 0 | S45: 0 | T45: 0 | U45: 0 | V45: =SMALL(H45:U45,COUNTIF(H45:U45,"<=0")+1) -> 19.2 | W45: =VLOOKUP(B45,REQUISICIÓN!$C$9:$G$509,5,0) -> #N/A | AB45: Carro rojo
B46: 172 | D46: 0 | E46: CÁNULA DE GUEDEL 6FR MCA. COVIDIEN | F46: =VLOOKUP(B46,REQUISICIÓN!$C$9:$E$125,3,0) -> #N/A | G46: PIEZA | H46: 0 | J46: 0 | M46: 0 | O46: 0 | P46: 0 | Q46: 0 | R46: 0 | S46: 0 | T46: 0 | U46: 0 | V46: =SMALL(H46:U46,COUNTIF(H46:U46,"<=0")+1) -> #NUM! | W46: =VLOOKUP(B46,REQUISICIÓN!$C$9:$G$509,5,0) -> #N/A
B47: 4 | D47: 0 | E47: CÁNULA ENDOTRAQUEAL 6 FR C/GLOBO MCA. RESPIFIX | F47: =VLOOKUP(B47,REQUISICIÓN!$C$9:$E$125,3,0) -> #N/A | G47: PIEZA | H47: 29 | J47: 38 | M47: 0 | O47: 0 | P47: 0 | Q47: 0 | R47: 0 | S47: 0 | T47: 0 | U47: 0 | V47: =SMALL(H47:U47,COUNTIF(H47:U47,"<=0")+1) -> 29 | W47: =VLOOKUP(B47,REQUISICIÓN!$C$9:$G$509,5,0) -> #N/A
B48: 45 | D48: 0 | E48: CÁNULA ENDOTRAQUEAL 6.5 FR C/GLOBO MCA. COVIDIEN | F48: =VLOOKUP(B48,REQUISICIÓN!$C$9:$E$125,3,0) -> #N/A | G48: PIEZA | H48: 29 | J48: 38 | M48: 0 | O48: 0 | P48: 0 | Q48: 0 | R48: 0 | S48: 0 | T48: 0 | U48: 0 | V48: =SMALL(H48:U48,COUNTIF(H48:U48,"<=0")+1) -> 29 | W48: =VLOOKUP(B48,REQUISICIÓN!$C$9:$G$509,5,0) -> #N/A
B49: 227 | E49: CÁNULA ENDOTRAQUEAL 6.5 FR C/GLOBO | F49: =VLOOKUP(B49,REQUISICIÓN!$C$9:$E$125,3,0) -> #N/A | G49: PIEZA | H49: 0 | I49: 0 | J49: 0 | K49: 510 | M49: 0 | N49: 0 | O49: 0 | P49: 0 | Q49: 0 | R49: 0 | S49: 0 | T49: 0 | U49: 0 | V49: =SMALL(H49:U49,COUNTIF(H49:U49,"<=0")+1) -> 510 | W49: =VLOOKUP(B49,REQUISICIÓN!$C$9:$G$509,5,0) -> #N/A
B50: 5 | D50: 0 | E50: CÁNULA ENDOTRAQUEAL 7 FR C/GLOBO MCA. BICAKCILAR | F50: =VLOOKUP(B50,REQUISICIÓN!$C$9:$E$125,3,0) -> #N/A | G50: PIEZA | H50: 29 | J50: 38 | M50: 0 | O50: 0 | P50: 0 | Q50: 0 | R50: 0 | S50: 0 | T50: 0 | U50: 0 | V50: =SMALL(H50:U50,COUNTIF(H50:U50,"<=0")+1) -> 29 | W50: =VLOOKUP(B50,REQUISICIÓN!$C$9:$G$509,5,0) -> #N/A | AB50: Carro rojo
B51: 173 | D51: 0 | E51: CÁNULA ENDOTRAQUEAL 7 FR C/GLOBO MCA. COVIDIEN | F51: =VLOOKUP(B51,REQUISICIÓN!$C$9:$E$125,3,0) -> #N/A | G51: PIEZA | H51: 0 | J51: 0 | M51: 0 | O51: 0 | P51: 0 | Q51: 0 | R51: 0 | S51: 0 | T51: 0 | U51: 0 | V51: =SMALL(H51:U51,COUNTIF(H51:U51,"<=0")+1) -> #NUM! | W51: =VLOOKUP(B51,REQUISICIÓN!$C$9:$G$509,5,0) -> #N/A
B52: 6 | D52: 0 | E52: CÁNULA ENDOTRAQUEAL 7.5 FR C/GLOBO MCA. BICAKCILAR | F52: =VLOOKUP(B52,REQUISICIÓN!$C$9:$E$125,3,0) -> #N/A | G52: PIEZA | H52: 29 | J52: 38 | M52: 0 | O52: 0 | P52: 0 | Q52: 0 | R52: 0 | S52: 0 | T52: 0 | U52: 0 | V52: =SMALL(H52:U52,COUNTIF(H52:U52,"<=0")+1) -> 29 | W52: =VLOOKUP(B52,REQUISICIÓN!$C$9:$G$509,5,0) -> #N/A | AB52: Carro rojo
B53: 174 | D53: 0 | E53: CÁNULA ENDOTRAQUEAL 7.5 FR C/GLOBO MCA. COVIDIEN | F53: =VLOOKUP(B53,REQUISICIÓN!$C$9:$E$125,3,0) -> #N/A | G53: PIEZA | H53: 0 | J53: 0 | M53: 0 | O53: 0 | P53: 0 | Q53: 0 | R53: 0 | S53: 0 | T53: 0 | U53: 0 | V53: =SMALL(H53:U53,COUNTIF(H53:U53,"<=0")+1) -> #NUM! | W53: =VLOOKUP(B53,REQUISICIÓN!$C$9:$G$509,5,0) -> #N/A
B54: 222 | D54: 0 | E54: CÁNULA ENDOTRAQUEAL 8 FR C/GLOBO MCA. BICAKCILAR | F54: =VLOOKUP(B54,REQUISICIÓN!$C$9:$E$125,3,0) -> #N/A | G54: PIEZA | H54: 29 | J54: 38 | M54: 0 | O54: 0 | P54: 0 | Q54: 0 | R54: 0 | S54: 0 | T54: 0 | U54: 0 | V54: =SMALL(H54:U54,COUNTIF(H54:U54,"<=0")+1) -> 29 | W54: =VLOOKUP(B54,REQUISICIÓN!$C$9:$G$509,5,0) -> #N/A | AB54: Carro rojo
B55: 175 | D55: 0 | E55: CÁNULA ENDOTRAQUEAL 8 FR C/GLOBO MCA. COVIDIEN | F55: =VLOOKUP(B55,REQUISICIÓN!$C$9:$E$125,3,0) -> #N/A | G55: PIEZA | H55: 0 | J55: 0 | M55: 0 | O55: 0 | P55: 0 | Q55: 0 | R55: 0 | S55: 0 | T55: 0 | U55: 0 | V55: =SMALL(H55:U55,COUNTIF(H55:U55,"<=0")+1) -> #NUM! | W55: =VLOOKUP(B55,REQUISICIÓN!$C$9:$G$509,5,0) -> #N/A
B56: 22 | D56: 0 | E56: CÁNULA ENDOTRAQUEAL 8.5 FR. C/GLOBO MCA. BICAKCILAR | F56: =VLOOKUP(B56,REQUISICIÓN!$C$9:$E$125,3,0) -> #N/A | G56: PIEZA | H56: 29 | J56: 38 | M56: 0 | O56: 0 | P56: 0 | Q56: 0 | R56: 0 | S56: 0 | T56: 0 | U56: 0 | V56: =SMALL(H56:U56,COUNTIF(H56:U56,"<=0")+1) -> 29 | W56: =VLOOKUP(B56,REQUISICIÓN!$C$9:$G$509,5,0) -> #N/A | AB56: Carro rojo
B57: 176 | D57: 0 | E57: CÁNULA ENDOTRAQUEAL 8.5 FR. C/GLOBO MCA. COVIDIEN | F57: =VLOOKUP(B57,REQUISICIÓN!$C$9:$E$125,3,0) -> #N/A | G57: PIEZA | H57: 0 | J57: 0 | M57: 0 | O57: 0 | P57: 0 | Q57: 0 | R57: 0 | S57: 0 | T57: 0 | U57: 0 | V57: =SMALL(H57:U57,COUNTIF(H57:U57,"<=0")+1) -> #NUM! | W57: =VLOOKUP(B57,REQUISICIÓN!$C$9:$G$509,5,0) -> #N/A
B58: 9 | D58: 0 | E58: CÁNULA ENDOTRAQUEAL 9 FR. C/GLOBO MCA. COVIDIEN | F58: =VLOOKUP(B58,REQUISICIÓN!$C$9:$E$125,3,0) -> #N/A | G58: PIEZA | H58: 0 | J58: 0 | M58: 0 | O58: 0 | P58: 0 | Q58: 0 | R58: 0 | S58: 0 | T58: 0 | U58: 0 | V58: =SMALL(H58:U58,COUNTIF(H58:U58,"<=0")+1) -> #NUM! | W58: =VLOOKUP(B58,REQUISICIÓN!$C$9:$G$509,5,0) -> #N/A | AB58: Carro rojo
B59: 100 | D59: 0 | E59: CATETER VENOSO CENTRAL 2 LUMEN MCA. ARROW | F59: =VLOOKUP(B59,REQUISICIÓN!$C$9:$E$125,3,0) -> #N/A | G59: PIEZA | H59: 1242 | J59: 0 | K59: 1628 | M59: 0 | O59: 0 | P59: 0 | Q59: 0 | R59: 0 | S59: 0 | T59: 0 | U59: 0 | V59: =SMALL(H59:U59,COUNTIF(H59:U59,"<=0")+1) -> 1242 | W59: =VLOOKUP(B59,REQUISICIÓN!$C$9:$G$509,5,0) -> #N/A | AB59: =VLOOKUP(#REF!,REQUISICIÓN!#REF!,6,0) -> #REF!
B60: 177 | D60: 0 | E60: CATETER VENOSO CENTRAL 2 LUMEN MCA. COVIDIEN | F60: =VLOOKUP(B60,REQUISICIÓN!$C$9:$E$125,3,0) -> #N/A | G60: PIEZA | H60: 0 | J60: 0 | M60: 0 | O60: 0 | P60: 0 | Q60: 0 | R60: 0 | S60: 0 | T60: 0 | U60: 0 | V60: =SMALL(H60:U60,COUNTIF(H60:U60,"<=0")+1) -> #NUM! | W60: =VLOOKUP(B60,REQUISICIÓN!$C$9:$G$509,5,0) -> #N/A
B61: 179 | D61: L3056 | E61: CATETER VENOSO PERIFERICO 14GX45MM MCA. NIPRO (NARANJA) | F61: =VLOOKUP(B61,REQUISICIÓN!$C$9:$E$125,3,0) -> #N/A | G61: CAJA C/50 | H61: 0 | J61: 0 | M61: 0 | O61: 0 | P61: 0 | Q61: 0 | R61: 0 | S61: 0 | T61: 0 | U61: 0 | V61: =SMALL(H61:U61,COUNTIF(H61:U61,"<=0")+1) -> #NUM! | W61: =VLOOKUP(B61,REQUISICIÓN!$C$9:$G$509,5,0) -> #N/A
B62: 139 | D62: AFER1445 | E62: CATETER VENOSO PERIFERICO 14GX45MM MCA. VIZCARRA (NARANJA) | F62: =VLOOKUP(B62,REQUISICIÓN!$C$9:$E$125,3,0) -> #N/A | G62: CAJA C/50 | H62: =8.9*50 -> 445 | J62: 545 | M62: 0 | O62: 0 | P62: 0 | Q62: 0 | R62: 0 | S62: 0 | T62: 0 | U62: 0 | V62: =SMALL(H62:U62,COUNTIF(H62:U62,"<=0")+1) -> 445 | W62: =VLOOKUP(B62,REQUISICIÓN!$C$9:$G$509,5,0) -> #N/A | AB62: Carro rojo
B63: 69 | D63: AFER1451 | E63: CATETER VENOSO PERIFERICO 14GX51MM MCA. VIZCARRA (GRIS) | F63: =VLOOKUP(B63,REQUISICIÓN!$C$9:$E$125,3,0) -> #N/A | G63: CAJA C/50 | H63: 0 | J63: 0 | M63: 0 | O63: 0 | P63: 0 | Q63: 0 | R63: 0 | S63: 0 | T63: 0 | U63: 0 | V63: =SMALL(H63:U63,COUNTIF(H63:U63,"<=0")+1) -> #NUM! | W63: =VLOOKUP(B63,REQUISICIÓN!$C$9:$G$509,5,0) -> #N/A | AB63: Carro rojo
B64: 178 | D64: L3057 | E64: CATETER VENOSO PERIFERICO 16GX51MM MCA. NIPRO (GRIS) | F64: =VLOOKUP(B64,REQUISICIÓN!$C$9:$E$125,3,0) -> #N/A | G64: CAJA C/50 | H64: 0 | J64: 0 | M64: 0 | O64: 0 | P64: 0 | Q64: 0 | R64: 0 | S64: 0 | T64: 0 | U64: 0 | V64: =SMALL(H64:U64,COUNTIF(H64:U64,"<=0")+1) -> #NUM! | W64: =VLOOKUP(B64,REQUISICIÓN!$C$9:$G$509,5,0) -> #N/A
B65: 58 | D65: AFER1651 | E65: CATETER VENOSO PERIFERICO 16GX51MM MCA. VIZCARRA (GRIS) | F65: =VLOOKUP(B65,REQUISICIÓN!$C$9:$E$125,3,0) -> #N/A | G65: PIEZA | H65: 8.4 | J65: 0 | K65: 10 | M65: 0 | O65: 0 | P65: 0 | Q65: 0 | R65: 0 | S65: 0 | T65: 0 | U65: 0 | V65: =SMALL(H65:U65,COUNTIF(H65:U65,"<=0")+1) -> 8.4 | W65: =VLOOKUP(B65,REQUISICIÓN!$C$9:$G$509,5,0) -> #N/A | AB65: Carro rojo
B66: 180 | D66: L3058 | E66: CATETER VENOSO PERIFERICO 18GX25MM MCA. NIPRO C/50 (VERDE) | F66: =VLOOKUP(B66,REQUISICIÓN!$C$9:$E$125,3,0) -> #N/A | G66: CAJA C/50 | H66: 0 | J66: 0 | M66: 0 | O66: 0 | P66: 0 | Q66: 0 | R66: 0 | S66: 0 | T66: 0 | U66: 0 | V66: =SMALL(H66:U66,COUNTIF(H66:U66,"<=0")+1) -> #NUM! | W66: =VLOOKUP(B66,REQUISICIÓN!$C$9:$G$509,5,0) -> #N/A
B67: 59 | D67: AFER1825 | E67: CATETER VENOSO PERIFERICO 18GX25MM MCA. VIZCARRA (VERDE) | F67: =VLOOKUP(B67,REQUISICIÓN!$C$9:$E$125,3,0) -> #N/A | G67: PIEZA | H67: 7.9 | J67: =545/50 -> 10.9 | M67: 0 | O67: 0 | P67: 0 | Q67: 0 | R67: 0 | S67: 0 | T67: 0 | U67: 0 | V67: =SMALL(H67:U67,COUNTIF(H67:U67,"<=0")+1) -> 7.9 | W67: =VLOOKUP(B67,REQUISICIÓN!$C$9:$G$509,5,0) -> #N/A
B68: 141 | D68: AFER1825 | E68: CATETER VENOSO PERIFERICO 18GX25MM MCA. VIZCARRA C/50 (VERDE) | F68: =VLOOKUP(B68,REQUISICIÓN!$C$9:$E$125,3,0) -> #N/A | G68: CAJA | H68: =8.9*50 -> 445 | J68: =545 -> 545 | M68: 0 | O68: 0 | P68: 0 | Q68: 0 | R68: 0 | S68: 0 | T68: 0 | U68: 0 | V68: =SMALL(H68:U68,COUNTIF(H68:U68,"<=0")+1) -> 445 | W68: =VLOOKUP(B68,REQUISICIÓN!$C$9:$G$509,5,0) -> #N/A
B69: 235 | C69: 7501563024531 | E69: CATETER VENOSO PERIFERICO 18GX32MM MCA. VIZCARRA C/50 | F69: =VLOOKUP(B69,REQUISICIÓN!$C$9:$E$125,3,0) -> #N/A | G69: CAJA | K69: 10 | V69: =SMALL(H69:U69,COUNTIF(H69:U69,"<=0")+1) -> 10 | W69: =VLOOKUP(B69,REQUISICIÓN!$C$9:$G$509,5,0) -> #N/A
B70: 21 | C70: 100382903883141 | D70: AFER2019 | E70: CATETER VENOSO PERIFERICO 20GX19MM MCA. VIZCARRA (ROSA) | F70: =VLOOKUP(B70,REQUISICIÓN!$C$9:$E$125,3,0) -> #N/A | G70: PIEZA | H70: 7.9 | J70: 0 | K70: 10 | M70: 0 | O70: 0 | P70: 0 | Q70: 0 | R70: 0 | S70: 0 | T70: 0 | U70: 0 | V70: =SMALL(H70:U70,COUNTIF(H70:U70,"<=0")+1) -> 7.9 | W70: =VLOOKUP(B70,REQUISICIÓN!$C$9:$G$509,5,0) -> #N/A | AB70: Carro rojo
B71: 181 | D71: L3059 | E71: CATETER VENOSO PERIFERICO 20GX19MM MCA. NIPRO (ROSA) | F71: =VLOOKUP(B71,REQUISICIÓN!$C$9:$E$125,3,0) -> #N/A | G71: CAJA C/50 | H71: 0 | J71: 0 | M71: 0 | O71: 0 | P71: 0 | Q71: 0 | R71: 0 | S71: 0 | T71: 0 | U71: 0 | V71: =SMALL(H71:U71,COUNTIF(H71:U71,"<=0")+1) -> #NUM! | W71: =VLOOKUP(B71,REQUISICIÓN!$C$9:$G$509,5,0) -> #N/A
B72: 182 | D72: L3060 | E72: CATETER VENOSO PERIFERICO 22GX25MM MCA. NIPRO (AZUL) | F72: =VLOOKUP(B72,REQUISICIÓN!$C$9:$E$125,3,0) -> #N/A | G72: CAJA C/50 | H72: 0 | J72: 0 | M72: 0 | O72: 0 | P72: 0 | Q72: 0 | R72: 0 | S72: 0 | T72: 0 | U72: 0 | V72: =SMALL(H72:U72,COUNTIF(H72:U72,"<=0")+1) -> #NUM! | W72: =VLOOKUP(B72,REQUISICIÓN!$C$9:$G$509,5,0) -> #N/A
B73: 223 | D73: AFER2225 | E73: CATETER VENOSO PERIFERICO 22GX25MM MCA. VIZCARRA (AZUL) | F73: =VLOOKUP(B73,REQUISICIÓN!$C$9:$E$125,3,0) -> #N/A | G73: PIEZA | H73: 8.4 | J73: 0 | M73: 0 | O73: 0 | P73: 0 | Q73: 0 | R73: 0 | S73: 0 | T73: 0 | U73: 0 | V73: =SMALL(H73:U73,COUNTIF(H73:U73,"<=0")+1) -> 8.4 | W73: =VLOOKUP(B73,REQUISICIÓN!$C$9:$G$509,5,0) -> #N/A | AB73: Farmacia
B74: 183 | D74: L3061 | E74: CATETER VENOSO PERIFERICO 24GX20MM MCA. NIPRO (AMARILLO) | F74: =VLOOKUP(B74,REQUISICIÓN!$C$9:$E$125,3,0) -> #N/A | G74: CAJA C/50 | H74: 0 | J74: 0 | M74: 0 | O74: 0 | P74: 0 | Q74: 0 | R74: 0 | S74: 0 | T74: 0 | U74: 0 | V74: =SMALL(H74:U74,COUNTIF(H74:U74,"<=0")+1) -> #NUM! | W74: =VLOOKUP(B74,REQUISICIÓN!$C$9:$G$509,5,0) -> #N/A
B75: 23 | C75: 7501563014563 | D75: AFER2420 | E75: CATETER VENOSO PERIFERICO 24GX20MM MCA. VIZCARRA (AMARILLO) | F75: =VLOOKUP(B75,REQUISICIÓN!$C$9:$E$125,3,0) -> #N/A | G75: CAJA C/50 | H75: =445/50 -> 8.9 | J75: =545/50 -> 10.9 | M75: 0 | O75: 0 | P75: 0 | Q75: 0 | R75: 0 | S75: 0 | T75: 0 | U75: 0 | V75: =SMALL(H75:U75,COUNTIF(H75:U75,"<=0")+1) -> 8.9 | W75: =VLOOKUP(B75,REQUISICIÓN!$C$9:$G$509,5,0) -> #N/A | AB75: Carro rojo
B76: 224 | D76: 4550250 | E76: CANULA CON FILTRO STERIFIX 4.5ML MCA. BBRAUN C/50 | F76: =VLOOKUP(B76,REQUISICIÓN!$C$9:$E$125,3,0) -> 1 | G76: CAJA C/50 | O76: 0 | V76: =SMALL(H76:U76,COUNTIF(H76:U76,"<=0")+1) -> #NUM! | W76: =VLOOKUP(B76,REQUISICIÓN!$C$9:$G$509,5,0) -> 41
B77: 57 | D77: 934530 | E77: CHLORAPREP SIN TINTE 3ML MCA. BD | F77: =VLOOKUP(B77,REQUISICIÓN!$C$9:$E$125,3,0) -> #N/A | G77: =VLOOKUP(B77,REQUISICIÓN!$C$9:$F$12,4,0) -> #N/A | H77: 82.3 | I77: 0 | J77: 0 | K77: =1750/25 -> 70 | M77: 0 | N77: 0 | O77: 0 | P77: 0 | Q77: 0 | R77: 0 | S77: 0 | T77: 0 | U77: 0 | V77: =SMALL(H77:U77,COUNTIF(H77:U77,"<=0")+1) -> 70 | W77: =VLOOKUP(B77,REQUISICIÓN!$C$9:$G$509,5,0) -> #N/A | AB77: Carro rojo
B78: 97 | D78: 0 | E78: CINTA DE LINO ESTERIL | F78: =VLOOKUP(B78,REQUISICIÓN!$C$9:$E$125,3,0) -> #N/A | G78: PIEZA | H78: 0 | J78: 0 | M78: 0 | O78: 0 | P78: 0 | Q78: 0 | R78: 0 | S78: 0 | T78: 0 | U78: 0 | V78: =SMALL(H78:U78,COUNTIF(H78:U78,"<=0")+1) -> #NUM! | W78: =VLOOKUP(B78,REQUISICIÓN!$C$9:$G$509,5,0) -> #N/A | AB78: Carro rojo
B79: 122 | C79: 7501125100130 | D79: 4000079 | E79: CLORURO DE SODIO 0.9% 1000ML | F79: =VLOOKUP(B79,REQUISICIÓN!$C$9:$E$125,3,0) -> #N/A | G79: CAJA C/12 | H79: 649 | J79: 680 | K79: =42*12 -> 504 | M79: 0 | O79: 0 | P79: =69.27*12 -> 831.24 | Q79: 0 | R79: 0 | S79: 0 | T79: 0 | U79: 0 | V79: =SMALL(H79:U79,COUNTIF(H79:U79,"<=0")+1) -> 504 | W79: =VLOOKUP(B79,REQUISICIÓN!$C$9:$G$509,5,0) -> #N/A | AB79: Farmacia
B80: 65 | C80: 7501125115479 | D80: 0 | E80: CLORURO DE SODIO 0.9% 100ML | F80: =VLOOKUP(B80,REQUISICIÓN!$C$9:$E$125,3,0) -> #N/A | G80: CAJA C/50 | H80: =29.8*50 -> 1490 | J80: 1475 | M80: 0 | O80: 0 | P80: 0 | Q80: 0 | R80: 0 | S80: 0 | T80: 0 | U80: 0 | V80: =SMALL(H80:U80,COUNTIF(H80:U80,"<=0")+1) -> 1475 | W80: =VLOOKUP(B80,REQUISICIÓN!$C$9:$G$509,5,0) -> #N/A | AB80: Carro rojo
B81: 132 | C81: 7501125100123 | D81: 0 | E81: CLORURO DE SODIO 0.9% 500ML | F81: =VLOOKUP(B81,REQUISICIÓN!$C$9:$E$125,3,0) -> #N/A | G81: CAJA C/24 | H81: =41.3*24 -> 991.2 | J81: =930 -> 930 | K81: =40*24 -> 960 | M81: 0 | O81: 0 | P81: =48.12*24 -> 1154.88 | Q81: 0 | R81: 0 | S81: 0 | T81: 0 | U81: 0 | V81: =SMALL(H81:U81,COUNTIF(H81:U81,"<=0")+1) -> 930 | W81: =VLOOKUP(B81,REQUISICIÓN!$C$9:$G$509,5,0) -> #N/A | AB81: Carro rojo
B82: 209 | C82: 7501125100116 | D82: 0 | E82: CLORURO DE SODIO 0.9% 250ML | F82: =VLOOKUP(B82,REQUISICIÓN!$C$9:$E$125,3,0) -> #N/A | G82: CAJA C/24 | H82: =34.7*24 -> 832.8 | J82: 0 | K82: =48*24 -> 1152 | M82: 0 | N82: 0 | O82: 0 | P82: 0 | Q82: 0 | R82: 0 | S82: 0 | T82: 0 | U82: 0 | V82: =SMALL(H82:U82,COUNTIF(H82:U82,"<=0")+1) -> 832.8 | W82: =VLOOKUP(B82,REQUISICIÓN!$C$9:$G$509,5,0) -> #N/A
B83: 66 | C83: 7501125115462 | D83: 0 | E83: CLORURO DE SODIO 0.9% 50ML | F83: =VLOOKUP(B83,REQUISICIÓN!$C$9:$E$125,3,0) -> 1 | G83: CAJA C/50 | H83: =25.3*50 -> 1265 | I83: 1265 | J83: 1250 | M83: 0 | N83: 0 | O83: 1718.4 | P83: 0 | Q83: 0 | R83: 0 | S83: =24*50 -> 1200 | T83: 0 | U83: 0 | V83: =SMALL(H83:U83,COUNTIF(H83:U83,"<=0")+1) -> 1200 | W83: =VLOOKUP(B83,REQUISICIÓN!$C$9:$G$509,5,0) -> 41 | AB83: Farmacia
B84: 184 | D84: 0 | E84: CONECTOR DELGADO MCA. DIPMAC | F84: =VLOOKUP(B84,REQUISICIÓN!$C$9:$E$125,3,0) -> #N/A | G84: PIEZA | H84: 0 | J84: 0 | M84: 0 | O84: 0 | P84: 0 | Q84: 0 | R84: 0 | S84: 0 | T84: 0 | U84: 0 | V84: =SMALL(H84:U84,COUNTIF(H84:U84,"<=0")+1) -> #NUM! | W84: =VLOOKUP(B84,REQUISICIÓN!$C$9:$G$509,5,0) -> #N/A
B85: 98 | D85: 0 | E85: CONECTOR DE SIMS DELGADO | F85: =VLOOKUP(B85,REQUISICIÓN!$C$9:$E$125,3,0) -> #N/A | G85: PIEZA | H85: 8.75 | J85: 10 | M85: 0 | O85: 0 | P85: 0 | Q85: 0 | R85: 0 | S85: 0 | T85: 0 | U85: 0 | V85: =SMALL(H85:U85,COUNTIF(H85:U85,"<=0")+1) -> 8.75 | W85: =VLOOKUP(B85,REQUISICIÓN!$C$9:$G$509,5,0) -> #N/A | AB85: Carro rojo / Farmacia
B86: 185 | D86: 0 | E86: CONECTOR DELGADO NO ESTERIL MCA. SIMS | F86: =VLOOKUP(B86,REQUISICIÓN!$C$9:$E$125,3,0) -> #N/A | G86: PIEZA | H86: 0 | J86: 0 | M86: 0 | O86: 0 | P86: 0 | Q86: 0 | R86: 0 | S86: 0 | T86: 0 | U86: 0 | V86: =SMALL(H86:U86,COUNTIF(H86:U86,"<=0")+1) -> #NUM! | W86: =VLOOKUP(B86,REQUISICIÓN!$C$9:$G$509,5,0) -> #N/A
B87: 13 | D87: K-351 | E87: CONECTOR DELGADO NO ESTERIL MCA. DIPMAC | F87: =VLOOKUP(B87,REQUISICIÓN!$C$9:$E$125,3,0) -> #N/A | G87: PIEZA | H87: 9.1 | J87: 9 | M87: 0 | O87: 0 | P87: 0 | Q87: 0 | R87: 0 | S87: 0 | T87: 0 | U87: 0 | V87: =SMALL(H87:U87,COUNTIF(H87:U87,"<=0")+1) -> 9 | W87: =VLOOKUP(B87,REQUISICIÓN!$C$9:$G$509,5,0) -> #N/A | AB87: Carro rojo / Farmacia
B88: 186 | D88: 0 | E88: CONECTOR GRUESO NO ESTERIL SIMS | F88: =VLOOKUP(B88,REQUISICIÓN!$C$9:$E$125,3,0) -> #N/A | G88: PIEZA | H88: 0 | J88: 0 | M88: 0 | O88: 0 | P88: 0 | Q88: 0 | R88: 0 | S88: 0 | T88: 0 | U88: 0 | V88: =SMALL(H88:U88,COUNTIF(H88:U88,"<=0")+1) -> #NUM! | W88: =VLOOKUP(B88,REQUISICIÓN!$C$9:$G$509,5,0) -> #N/A
B89: 77 | D89: 0 | E89: CONECTOR LIBRE DE AGUJA 2 VÍAS | F89: =VLOOKUP(B89,REQUISICIÓN!$C$9:$E$125,3,0) -> #N/A | G89: PIEZA | H89: 0 | J89: 0 | M89: 0 | O89: 0 | P89: 0 | Q89: 0 | R89: 0 | S89: 0 | T89: 0 | U89: 0 | V89: =SMALL(H89:U89,COUNTIF(H89:U89,"<=0")+1) -> #NUM! | W89: =VLOOKUP(B89,REQUISICIÓN!$C$9:$G$509,5,0) -> #N/A | AB89: Carro rojo / Farmacia
B90: 169 | D90: 011-NC100 | E90: CONECTOR NEUTRON | F90: =VLOOKUP(B90,REQUISICIÓN!$C$9:$E$125,3,0) -> #N/A | G90: PIEZA | H90: 0 | J90: 0 | M90: 0 | O90: 0 | P90: 0 | Q90: 0 | R90: 0 | S90: 0 | T90: 0 | U90: 0 | V90: =SMALL(H90:U90,COUNTIF(H90:U90,"<=0")+1) -> #NUM! | W90: =VLOOKUP(B90,REQUISICIÓN!$C$9:$G$509,5,0) -> #N/A
B91: 87 | D91: 0 | E91: CUBREBOCAS MCA. AMBIDERM | F91: 2 | G91: CAJA C/50 | H91: 44 | I91: 94 | J91: 115 | M91: 0 | N91: 60 | O91: 78 | P91: 0 | Q91: 0 | R91: 0 | S91: 0 | T91: 0 | U91: 0 | V91: =SMALL(H91:U91,COUNTIF(H91:U91,"<=0")+1) -> 44 | W91: =VLOOKUP(B91,REQUISICIÓN!$C$9:$G$509,5,0) -> 41
B92: 243 | E92: CUBREBOCAS KN95 | F92: =VLOOKUP(B92,REQUISICIÓN!$C$9:$E$125,3,0) -> #N/A | G92: CAJA C/50 | K92: 7 | V92: =SMALL(H92:U92,COUNTIF(H92:U92,"<=0")+1) -> 7 | W92: =VLOOKUP(B92,REQUISICIÓN!$C$9:$G$509,5,0) -> #N/A
B93: 229 | E93: CUBREBOCAS | F93: =VLOOKUP(B93,REQUISICIÓN!$C$9:$E$125,3,0) -> #N/A | G93: CAJA C/50 | H93: 0 | I93: 0 | J93: 0 | K93: 64 | M93: 0 | N93: 0 | O93: 0 | P93: 0 | Q93: 0 | R93: 0 | S93: 0 | T93: 0 | U93: 0 | V93: =SMALL(H93:U93,COUNTIF(H93:U93,"<=0")+1) -> 64 | W93: =VLOOKUP(B93,REQUISICIÓN!$C$9:$G$509,5,0) -> #N/A
B94: 253 | E94: CUBREZAPATO MCA. PROTEC | F94: =VLOOKUP(B94,REQUISICIÓN!$C$9:$E$125,3,0) -> #N/A | V94: =SMALL(H94:U94,COUNTIF(H94:U94,"<=0")+1) -> #NUM! | W94: =VLOOKUP(B94,REQUISICIÓN!$C$9:$G$509,5,0) -> #N/A
B95: 254 | C95: 770200392502 | E95: CINTA ADHESIVA SEDA LEUKOPLAST 5X4.57M | F95: =VLOOKUP(B95,REQUISICIÓN!$C$9:$E$125,3,0) -> #N/A | G95: PIEZA | K95: 64 | V95: =SMALL(H95:U95,COUNTIF(H95:U95,"<=0")+1) -> 64 | W95: =VLOOKUP(B95,REQUISICIÓN!$C$9:$G$509,5,0) -> #N/A
B96: 210 | C96: 7501125100864 | D96: 0 | E96: DEXTROSA AL 5% 1000ML MCA. PISA | F96: =VLOOKUP(B96,REQUISICIÓN!$C$9:$E$125,3,0) -> #N/A | G96: PIEZA | H96: 0 | I96: 0 | J96: 0 | K96: 48.5 | M96: 0 | N96: 0 | O96: 0 | P96: 0 | Q96: 0 | R96: 0 | S96: 0 | T96: 0 | U96: 0 | V96: =SMALL(H96:U96,COUNTIF(H96:U96,"<=0")+1) -> 48.5 | W96: =VLOOKUP(B96,REQUISICIÓN!$C$9:$G$509,5,0) -> #N/A
B97: 211 | C97: 7501125100857 | D97: 0 | E97: DEXTROSA AL 5% 500ML MCA. PISA | F97: =VLOOKUP(B97,REQUISICIÓN!$C$9:$E$125,3,0) -> #N/A | G97: PIEZA | H97: 0 | I97: 0 | J97: 0 | K97: 38.4 | M97: 0 | N97: 0 | O97: 0 | P97: 0 | Q97: 0 | R97: 0 | S97: 0 | T97: 0 | U97: 0 | V97: =SMALL(H97:U97,COUNTIF(H97:U97,"<=0")+1) -> 38.4 | W97: =VLOOKUP(B97,REQUISICIÓN!$C$9:$G$509,5,0) -> #N/A
B98: 212 | C98: 7501125100840 | D98: 0 | E98: DEXTROSA AL 5% 250ML MCA. PISA | F98: =VLOOKUP(B98,REQUISICIÓN!$C$9:$E$125,3,0) -> #N/A | G98: PIEZA | H98: 0 | I98: 0 | J98: 0 | K98: 30 | M98: 0 | N98: 0 | O98: 0 | P98: 0 | Q98: 0 | R98: 0 | S98: 0 | T98: 0 | U98: 0 | V98: =SMALL(H98:U98,COUNTIF(H98:U98,"<=0")+1) -> 30 | W98: =VLOOKUP(B98,REQUISICIÓN!$C$9:$G$509,5,0) -> #N/A
B99: 63 | C99: 7501125115455 | D99: 0 | E99: DEXTROSA AL 5% 100ML MCA. PISA | F99: =VLOOKUP(B99,REQUISICIÓN!$C$9:$E$125,3,0) -> #N/A | G99: CAJA C/50 | H99: 0 | J99: =29*50 -> 1450 | M99: 0 | O99: 0 | P99: 0 | Q99: 0 | R99: 0 | S99: 0 | T99: 0 | U99: 0 | V99: =SMALL(H99:U99,COUNTIF(H99:U99,"<=0")+1) -> 1450 | W99: =VLOOKUP(B99,REQUISICIÓN!$C$9:$G$509,5,0) -> #N/A | AB99: Carro rojo
B100: 64 | C100: 75025014 | D100: 0 | E100: DEXTROSA AL 50% 50ML MCA. PISA | F100: =VLOOKUP(B100,REQUISICIÓN!$C$9:$E$125,3,0) -> #N/A | G100: PIEZA | H100: 66.4 | J100: 55.1725 | M100: 0 | O100: 0 | P100: 0 | Q100: 0 | R100: 0 | S100: 0 | T100: 0 | U100: 0 | V100: =SMALL(H100:U100,COUNTIF(H100:U100,"<=0")+1) -> 55.1725 | W100: =VLOOKUP(B100,REQUISICIÓN!$C$9:$G$509,5,0) -> #N/A | AB100: Carro rojo
B101: 36 | D101: 16500C | E101: DISCOFIX 10 CM MCA. B BRAUN | F101: =VLOOKUP(B101,REQUISICIÓN!$C$9:$E$125,3,0) -> 50 | G101: PIEZA | H101: 41 | I101: 47 | J101: 0 | M101: 0 | O101: 0 | P101: 0 | Q101: 0 | R101: 0 | S101: 0 | T101: 0 | U101: 0 | V101: =SMALL(H101:U101,COUNTIF(H101:U101,"<=0")+1) -> 41 | W101: =VLOOKUP(B101,REQUISICIÓN!$C$9:$G$509,5,0) -> 41 | AB101: Carro rojo
B102: 76 | D102: 15382 | E102: DURAPORE 5CM C/6 MCA. 3M | F102: =VLOOKUP(B102,REQUISICIÓN!$C$9:$E$125,3,0) -> #N/A | G102: CAJA C/6 | H102: 338 | J102: 450 | M102: 0 | O102: 0 | P102: 0 | Q102: 0 | R102: 0 | S102: 0 | T102: 0 | U102: 0 | V102: =SMALL(H102:U102,COUNTIF(H102:U102,"<=0")+1) -> 338 | W102: =VLOOKUP(B102,REQUISICIÓN!$C$9:$G$509,5,0) -> #N/A | AB102: Farmacia
B103: 46 | D103: 2228 | E103: ELECTRODO MCA. 3M C/50 | F103: =VLOOKUP(B103,REQUISICIÓN!$C$9:$E$125,3,0) -> #N/A | G103: CAJA C/50 | H103: 114 | J103: 0 | K103: 143.9 | M103: 0 | O103: 0 | P103: 0 | Q103: 0 | R103: 0 | S103: 0 | T103: 0 | U103: 0 | V103: =SMALL(H103:U103,COUNTIF(H103:U103,"<=0")+1) -> 114 | W103: =VLOOKUP(B103,REQUISICIÓN!$C$9:$G$509,5,0) -> #N/A | AB103: Carro rojo
B104: 73 | D104: 4000476 | E104: EQUIPO METRISET PARA VOLUMENES MEDIDOS 100ML | F104: =VLOOKUP(B104,REQUISICIÓN!$C$9:$E$125,3,0) -> #N/A | G104: PIEZA | H104: 62.6 | J104: 75 | M104: 0 | O104: 0 | P104: 0 | Q104: 0 | R104: 0 | S104: 0 | T104: 0 | U104: 0 | V104: =SMALL(H104:U104,COUNTIF(H104:U104,"<=0")+1) -> 62.6 | W104: =VLOOKUP(B104,REQUISICIÓN!$C$9:$G$509,5,0) -> #N/A | AB104: Caja de reacción
B105: 189 | D105: 0 | E105: EQUIPO PARA VENOCLISIS NORMOGOTERO S/AGUJA MCA. DL | F105: =VLOOKUP(B105,REQUISICIÓN!$C$9:$E$125,3,0) -> #N/A | G105: PIEZA | H105: 0 | J105: 0 | M105: 0 | O105: 0 | P105: 0 | Q105: 0 | R105: 0 | S105: 0 | T105: 0 | U105: 0 | V105: =SMALL(H105:U105,COUNTIF(H105:U105,"<=0")+1) -> #NUM! | W105: =VLOOKUP(B105,REQUISICIÓN!$C$9:$G$509,5,0) -> #N/A
...

Sheet REQUISICIÓN
C1: REQUISICIÓN DE COMPRA
A4: Proveedor: | G4: Fecha de elaboración: | H4: 46064
A5: Tiempo de entrega: | G5: Lugar: | H5: NARVARTE
A6: Condiciones de pago: | G6: Folio: | H6: 41
A8: Partida | B8: Catalogo | C8: ID | D8: Descripción | E8: Cantidad | F8: Unidad de Medida | G8: Requi | H8: Informaciòn Tècnica
A9: 1 | B9: 0 | C9: 95 | D9: Abatelengua de madera individual bolsa c/ 100 | E9: 1 | F9: bolsa | G9: 41
A10: 2 | B10: 0 | C10: 36 | D10: Llave de 3 vías Discofix pieza caja c/50 | E10: 50 | F10: piezas | G10: 41
A11: 3 | B11: 0 | C11: 133 | D11: Aguja Hipodermica (morada) 16G c/100 | E11: 2 | F11: cajas | G11: 41
A12: 4 | B12: 0 | C12: 61 | D12: Agua Inyectable 10 mL c/100 | E12: 1 | F12: caja | G12: 41
A13: 5 | B13: 0 | C13: 66 | D13: Solución cloruro de sodio 0.9% 50 mL c/50 | E13: 1 | F13: caja | G13: 41
A14: 6 | B14: 0 | C14: 18 | D14: Tegaderm 10 x 12 cm c/50 | E14: 1 | F14: caja | G14: 41
A15: 7 | B15: 0 | C15: 17 | D15: Tegaderm I.V. apositos 6.5 x 7 cm c/100 | E15: 1 | F15: caja | G15: 41
A16: 8 | B16: 0 | C16: 40 | D16: Removedor adhesivo en toalla hollister caja c/50 | E16: 1 | F16: caja | G16: 41
A17: 9 | B17: 0 | C17: 79 | D17: Guante latex M Ambiderm esteril c/100 | E17: 1 | F17: caja | G17: 41
A18: 10 | B18: 0 | C18: 87 | D18: Cubrebocas 3 pliegues Ambiderm azul c/50 | E18: 3 | F18: cajas | G18: 41
A19: 11 | B19: 0 | C19: 37 | D19: Maxzero conector libre de aguja BD | E19: 50 | F19: piezas | G19: 41
A20: 12 | B20: 0 | C20: 84 | D20: Fundas para reposet bolsa c/ 25 | E20: 2 | F20: bolsas | G20: 41
... A25: 17 | B25: 0 | C25: 224 | D25: Cánula con filtro Sterifix B Braun 4.5 mL caja c/ 50 | E25: 1 | F25: caja | G25: 41
A30: Notas:
A33: 1.- Todo tipo de compra debera solicitarse mediante este formato.
A34: 2.- Este formato representa la necesidad de la compra de cualquier insumo o material de curaciòn.
A35: 3.- Cualquier compra quedara sustenda mediante un cuadro comparativo que sera anexado y entregado al area solicitante, esto como parte de un
A36: seguimiento a su compra.
A41: Nombre y Firma | F41: Nombre y Firma
B42: Solicitante

Sheet Hoja1
